event_id,ticker,published_at,text
event-1,SYN,,虚构公司第1次公开披露：收入为1001，单位美元。
event-5,SYN,2023-01-11T20:00:00+00:00,虚构公司第5次公开披露：收入为1005，单位美元。
event-35,SYN,2023-03-12T20:00:00+00:00,虚构公司第35次公开披露：收入为1035，单位美元。
event-51,SYN,2023-04-13T20:00:00+00:00,虚构公司第51次公开披露：收入为1051，单位美元。
event-55,SYN,2023-04-21T20:00:00+00:00,虚构公司第55次公开披露：收入为1055，单位美元。
event-85,SYN,2023-06-20T20:00:00+00:00,虚构公司第85次公开披露：收入为1085，单位美元。
event-101,SYN,2023-07-22T20:00:00+00:00,虚构公司第101次公开披露：收入为1101，单位美元。
event-105,SYN,2023-07-30T20:00:00+00:00,虚构公司第105次公开披露：收入为1105，单位美元。
event-135,SYN,2023-09-28T20:00:00+00:00,虚构公司第135次公开披露：收入为1135，单位美元。
