symbol,close_at,adjusted
SYN,2023-01-01T21:00:00+00:00,100
SYN,2023-01-03T21:00:00+00:00,101
SYN,2023-01-05T21:00:00+00:00,102
SYN,2023-01-07T21:00:00+00:00,103
SYN,2023-01-09T21:00:00+00:00,104
SYN,2023-01-11T21:00:00+00:00,105
SYN,2023-01-13T21:00:00+00:00,106
SYN,2023-01-15T21:00:00+00:00,107
SYN,2023-01-17T21:00:00+00:00,108
SYN,2023-01-19T21:00:00+00:00,109
SYN,2023-01-21T21:00:00+00:00,110
SYN,2023-01-23T21:00:00+00:00,111
SYN,2023-01-25T21:00:00+00:00,112
SYN,2023-01-27T21:00:00+00:00,113
SYN,2023-01-29T21:00:00+00:00,114
SYN,2023-01-31T21:00:00+00:00,115
SYN,2023-02-02T21:00:00+00:00,116
SYN,2023-02-04T21:00:00+00:00,117
SYN,2023-02-06T21:00:00+00:00,118
SYN,2023-02-08T21:00:00+00:00,119
SYN,2023-02-10T21:00:00+00:00,120
SYN,2023-02-12T21:00:00+00:00,121
SYN,2023-02-14T21:00:00+00:00,122
SYN,2023-02-16T21:00:00+00:00,123
SYN,2023-02-18T21:00:00+00:00,124
SYN,2023-02-20T21:00:00+00:00,125
SYN,2023-02-22T21:00:00+00:00,126
SYN,2023-02-24T21:00:00+00:00,127
SYN,2023-02-26T21:00:00+00:00,128
SYN,2023-02-28T21:00:00+00:00,129
SYN,2023-03-02T21:00:00+00:00,100
SYN,2023-03-04T21:00:00+00:00,101
SYN,2023-03-06T21:00:00+00:00,102
SYN,2023-03-08T21:00:00+00:00,103
SYN,2023-03-10T21:00:00+00:00,104
SYN,2023-03-12T21:00:00+00:00,105
SYN,2023-03-14T21:00:00+00:00,106
SYN,2023-03-16T21:00:00+00:00,107
SYN,2023-03-18T21:00:00+00:00,108
SYN,2023-03-20T21:00:00+00:00,109
SYN,2023-03-22T21:00:00+00:00,110
SYN,2023-03-24T21:00:00+00:00,111
SYN,2023-03-26T21:00:00+00:00,112
SYN,2023-03-28T21:00:00+00:00,113
SYN,2023-03-30T21:00:00+00:00,114
SYN,2023-04-01T21:00:00+00:00,115
SYN,2023-04-03T21:00:00+00:00,116
SYN,2023-04-05T21:00:00+00:00,117
SYN,2023-04-07T21:00:00+00:00,118
SYN,2023-04-09T21:00:00+00:00,119
SYN,2023-04-11T21:00:00+00:00,120
SYN,2023-04-13T21:00:00+00:00,121
SYN,2023-04-15T21:00:00+00:00,122
SYN,2023-04-17T21:00:00+00:00,123
SYN,2023-04-19T21:00:00+00:00,124
SYN,2023-04-21T21:00:00+00:00,125
SYN,2023-04-23T21:00:00+00:00,126
SYN,2023-04-25T21:00:00+00:00,127
SYN,2023-04-27T21:00:00+00:00,128
SYN,2023-04-29T21:00:00+00:00,129
SYN,2023-05-01T21:00:00+00:00,100
SYN,2023-05-03T21:00:00+00:00,101
SYN,2023-05-05T21:00:00+00:00,102
SYN,2023-05-07T21:00:00+00:00,103
SYN,2023-05-09T21:00:00+00:00,104
SYN,2023-05-11T21:00:00+00:00,105
SYN,2023-05-13T21:00:00+00:00,106
SYN,2023-05-15T21:00:00+00:00,107
SYN,2023-05-17T21:00:00+00:00,108
SYN,2023-05-19T21:00:00+00:00,109
SYN,2023-05-21T21:00:00+00:00,110
SYN,2023-05-23T21:00:00+00:00,111
SYN,2023-05-25T21:00:00+00:00,112
SYN,2023-05-27T21:00:00+00:00,113
SYN,2023-05-29T21:00:00+00:00,114
SYN,2023-05-31T21:00:00+00:00,115
SYN,2023-06-02T21:00:00+00:00,116
SYN,2023-06-04T21:00:00+00:00,117
SYN,2023-06-06T21:00:00+00:00,118
SYN,2023-06-08T21:00:00+00:00,119
SYN,2023-06-10T21:00:00+00:00,120
SYN,2023-06-12T21:00:00+00:00,121
SYN,2023-06-14T21:00:00+00:00,122
SYN,2023-06-16T21:00:00+00:00,123
SYN,2023-06-18T21:00:00+00:00,124
SYN,2023-06-20T21:00:00+00:00,125
SYN,2023-06-22T21:00:00+00:00,126
SYN,2023-06-24T21:00:00+00:00,127
SYN,2023-06-26T21:00:00+00:00,128
SYN,2023-06-28T21:00:00+00:00,129
SYN,2023-06-30T21:00:00+00:00,100
SYN,2023-07-02T21:00:00+00:00,101
SYN,2023-07-04T21:00:00+00:00,102
SYN,2023-07-06T21:00:00+00:00,103
SYN,2023-07-08T21:00:00+00:00,104
SYN,2023-07-10T21:00:00+00:00,105
SYN,2023-07-12T21:00:00+00:00,106
SYN,2023-07-14T21:00:00+00:00,107
SYN,2023-07-16T21:00:00+00:00,108
SYN,2023-07-18T21:00:00+00:00,109
SYN,2023-07-20T21:00:00+00:00,110
SYN,2023-07-22T21:00:00+00:00,111
SYN,2023-07-24T21:00:00+00:00,112
SYN,2023-07-26T21:00:00+00:00,113
SYN,2023-07-28T21:00:00+00:00,114
SYN,2023-07-30T21:00:00+00:00,115
SYN,2023-08-01T21:00:00+00:00,116
SYN,2023-08-03T21:00:00+00:00,117
SYN,2023-08-05T21:00:00+00:00,118
SYN,2023-08-07T21:00:00+00:00,119
SYN,2023-08-09T21:00:00+00:00,120
SYN,2023-08-11T21:00:00+00:00,121
SYN,2023-08-13T21:00:00+00:00,122
SYN,2023-08-15T21:00:00+00:00,123
SYN,2023-08-17T21:00:00+00:00,124
SYN,2023-08-19T21:00:00+00:00,125
SYN,2023-08-21T21:00:00+00:00,126
SYN,2023-08-23T21:00:00+00:00,127
SYN,2023-08-25T21:00:00+00:00,128
SYN,2023-08-27T21:00:00+00:00,129
SYN,2023-08-29T21:00:00+00:00,100
SYN,2023-08-31T21:00:00+00:00,101
SYN,2023-09-02T21:00:00+00:00,102
SYN,2023-09-04T21:00:00+00:00,103
SYN,2023-09-06T21:00:00+00:00,104
SYN,2023-09-08T21:00:00+00:00,105
SYN,2023-09-10T21:00:00+00:00,106
SYN,2023-09-12T21:00:00+00:00,107
SYN,2023-09-14T21:00:00+00:00,108
SYN,2023-09-16T21:00:00+00:00,109
SYN,2023-09-18T21:00:00+00:00,110
SYN,2023-09-20T21:00:00+00:00,111
SYN,2023-09-22T21:00:00+00:00,112
SYN,2023-09-24T21:00:00+00:00,113
SYN,2023-09-26T21:00:00+00:00,114
SYN,2023-09-28T21:00:00+00:00,115
SYN,2023-09-30T21:00:00+00:00,116
SYN,2023-10-02T21:00:00+00:00,117
SYN,2023-10-04T21:00:00+00:00,118
SYN,2023-10-06T21:00:00+00:00,119
SYN,2023-10-08T21:00:00+00:00,120
SYN,2023-10-10T21:00:00+00:00,121
SYN,2023-10-12T21:00:00+00:00,122
SYN,2023-10-14T21:00:00+00:00,123
SYN,2023-10-16T21:00:00+00:00,124
SYN,2023-10-18T21:00:00+00:00,125
SYN,2023-10-20T21:00:00+00:00,126
SYN,2023-10-22T21:00:00+00:00,127
SYN,2023-10-24T21:00:00+00:00,128
SYN,2023-10-26T21:00:00+00:00,129
SYN,2023-10-28T21:00:00+00:00,100
SYN,2023-10-30T21:00:00+00:00,101
SYN,2023-11-01T21:00:00+00:00,102
SYN,2023-11-03T21:00:00+00:00,103
SYN,2023-11-05T21:00:00+00:00,104
SYN,2023-11-07T21:00:00+00:00,105
SYN,2023-11-09T21:00:00+00:00,106
SYN,2023-11-11T21:00:00+00:00,107
SYN,2023-11-13T21:00:00+00:00,108
SYN,2023-11-15T21:00:00+00:00,109
SYN,2023-11-17T21:00:00+00:00,110
SYN,2023-11-19T21:00:00+00:00,111
SYN,2023-11-21T21:00:00+00:00,112
SYN,2023-11-23T21:00:00+00:00,113
SYN,2023-11-25T21:00:00+00:00,114
SYN,2023-11-27T21:00:00+00:00,115
SYN,2023-11-29T21:00:00+00:00,116
SYN,2023-12-01T21:00:00+00:00,117
SYN,2023-12-03T21:00:00+00:00,118
SYN,2023-12-05T21:00:00+00:00,119
SYN,2023-12-07T21:00:00+00:00,120
SYN,2023-12-09T21:00:00+00:00,121
SYN,2023-12-11T21:00:00+00:00,122
SYN,2023-12-13T21:00:00+00:00,123
SYN,2023-12-15T21:00:00+00:00,124
SYN,2023-12-17T21:00:00+00:00,125
SYN,2023-12-19T21:00:00+00:00,126
SYN,2023-12-21T21:00:00+00:00,127
SYN,2023-12-23T21:00:00+00:00,128
SYN,2023-12-25T21:00:00+00:00,129
